{
    "packages": [
        {
            "name": "melaku/telebirr",
            "version": "v0.1.0",
            "version_normalized": "0.1.0.0",
            "source": {
                "type": "git",
                "url": "https://github.com/MelakuDemeke/telebirr-php.git",
                "reference": "45017042fb3b4727d8d9f7f0246b03c4a8498a28"
            },
            "dist": {
                "type": "zip",
                "url": "https://api.github.com/repos/MelakuDemeke/telebirr-php/zipball/45017042fb3b4727d8d9f7f0246b03c4a8498a28",
                "reference": "45017042fb3b4727d8d9f7f0246b03c4a8498a28",
                "shasum": ""
            },
            "time": "2022-12-17T09:22:15+00:00",
            "type": "library",
            "installation-source": "dist",
            "autoload": {
                "psr-4": {
                    "Melaku\\Telebirr\\": "src/"
                }
            },
            "notification-url": "https://packagist.org/downloads/",
            "license": [
                "MIT"
            ],
            "authors": [
                {
                    "name": "MelakuDemeke",
                    "email": "melaku.demeke789@gmail.com"
                }
            ],
            "description": "a telebirr library for php",
            "support": {
                "issues": "https://github.com/MelakuDemeke/telebirr-php/issues",
                "source": "https://github.com/MelakuDemeke/telebirr-php/tree/v0.1.0"
            },
            "install-path": "../melaku/telebirr"
        }
    ],
    "dev": true,
    "dev-package-names": []
}
